"date","avg.temp","max.temp","min.temp","precipitation","avg.wind.speed","max.wind.speed","max.wind.speed.dir","max.inst.wind.speed","max.inst.wind.speed.dir","min.atmos.pressure"
"229b70a3",-0.6,5.2,-5.9,0,1.5,3.8,"NW",9.8,"W",NA
"3134f4ff",1.3,9.6,-6.1,0,1.5,5.4,"NW",11.6,"NW",NA
"dbfaf910",8.6,15.4,2.2,0,1.9,4.2,"NW",10.7,"NW",NA
"3aea0cf0",7.6,15.6,2.4,3,1.9,5.6,"NW",14.2,"NW",NA
"f0227f56",0.9,3.4,0,41.5,0.2,1.3,"SE",2.9,"SE",NA
"d486a259",2.6,8.7,-1.4,0.5,0.5,1.9,"NW",4.3,"NW",NA
"7cdfeda7",6.1,9.9,2.4,31.5,0.5,2.7,"N",8.1,"N",NA
"38de5d00",6.3,11.5,-1.5,14,1.9,4.6,"NW",12.2,"NW",NA
"8c2d8dcc",9.8,19.5,1.9,0,1.1,2.8,"SW",8.1,"SW",NA
"7197e71e",10.1,17.6,3.7,0,1.4,4.2,"NW",10,"NW",NA
"593eb286",8.6,19.4,-0.3,0,1.1,4.1,"S",9.8,"SW",NA
"29b6c876",11.2,19.4,1.7,0,1,3.5,"SW",8.2,"S",NA
"7d9a6f89",15,23.8,8.1,0,1.1,3,"NW",7.5,"NW",NA
"d5c32077",12.3,14.9,10.1,21.5,0.5,2.1,"SE",6.4,"S",NA
"6aee08b4",15,20.7,10.8,0.5,0.6,2.1,"SW",5.4,"SW",NA
"bee1e69c",12.7,17.7,9.2,4,1.1,3.3,"NW",8.3,"NW",NA
"ff929090",5.7,11.2,-1.6,1.5,1.7,5.3,"NW",12.4,"NW",NA
"5ff1137c",5.9,15.2,-3.4,0,0.8,2.6,"S",7,"W",NA
"67bb94af",8.7,12.8,4.7,6,0.5,2.3,"NW",5.2,"NW",NA
"93abdff0",10.5,15.4,6.2,29,0.4,1.2,"E",5.4,"NE",NA
"b70f02ff",10.5,17.4,4.3,0,1.4,3.7,"NW",10.4,"SW",NA
"2bdb4125",11.6,21.9,3.3,0,1.1,2.6,"S",8.9,"SE",NA
"fc2c3636",12.3,20,3.9,0,1,2.7,"NW",7.1,"NW",NA
"5d803709",11.1,17.9,6,7.5,0.9,2.9,"SW",7.8,"NW",NA
"1bd0da7f",9.8,18,3.4,0,0.9,3,"SW",7.2,"NW",NA
"2bf8f976",10.6,13,9.1,15,0.2,1,"NW",2,"N",NA
"4aebb70a",13,19.9,7.8,0,0.6,2.8,"S",6.4,"SW",NA
"39b80db2",13.5,20.9,8.1,0,0.7,2.2,"SE",6,"S",NA
"295d55b9",13.1,22.3,6.6,0,0.7,2.3,"S",6,"SW",NA
"d9f6669e",13,22,6.3,0,1,3.7,"S",8.9,"S",NA
"197576b0",14.9,25.2,5.7,0,1.2,3.6,"NW",8.9,"W",NA
"ce8201a3",17,28.9,6.3,0,1,2.5,"SW",6.6,"S",NA
"8da77a9a",18.8,28.5,10.7,0,1,2.9,"NW",8,"NW",NA
"68de3347",14,19.3,5.3,4.5,1,3.2,"NW",8,"W",NA
"07aac6ee",13.1,19.1,9.2,2.5,0.6,2,"S",5.5,"SW",NA
"76ed3ecd",14.3,22,8.3,0,0.9,2.6,"S",6.5,"SE",NA
"230e1be1",13.8,18.5,8.5,0,0.5,1.2,"NW",3.4,"SW",NA
"6261c0cb",16.6,25,9.9,0,0.7,2.6,"SW",5.8,"S",NA
"143ab6e7",18.2,27.4,10,0,1,2.8,"NW",7,"W",NA
"54864238",14.7,17.3,12.3,64.5,0.5,1.6,"S",3.6,"SW",NA
"c6c50d60",17.7,23.4,13.9,4.5,0.7,2.9,"NW",7.2,"NW",NA
"526a5b91",15.3,19.7,13,0.5,0.4,1.7,"S",2.6,"NW",NA
"af91095a",14.1,18.7,10.1,19.5,0.4,1.8,"S",4.4,"S",NA
"df1973aa",13.9,21.3,7.8,23.5,0.6,2,"S",5.7,"SW",NA
"b8da9a32",13.1,20.6,8.2,4.5,0.6,2.8,"S",7.4,"S",NA
"2fea2845",15.1,23.6,8,0,0.8,2.5,"SW",6.6,"SW",NA
"bff9e068",15.5,23.8,9.2,2,0.6,2.2,"S",6,"S",NA
"328e0e20",14.2,18.5,9.4,15.5,2.1,4.6,"NW",15.8,"NW",NA
"b592908b",15.7,23.7,9.2,0,1,2.6,"S",7.8,"W",NA
"ca8eed0a",14.9,22.4,8.4,0,0.9,2.5,"NW",6.7,"SW",NA
"f094edac",16.4,24.1,9.3,0,0.9,2.2,"S",6.7,"W",NA
"ed94fc6c",17.2,24.1,11.8,0,0.6,1.6,"NW",5.5,"SE",NA
"8d746fae",15.8,21.4,10.9,9.5,0.4,2.3,"SE",6.8,"S",NA
"aecc3cae",16.2,24.8,9.2,0,0.8,3.2,"S",7.1,"SE",NA
"7ac3d286",17.4,25.4,10.3,0,0.9,2.3,"S",5.7,"SW",NA
"085feaed",18.6,21.2,16,64.5,0.6,2.8,"N",6.8,"NW",NA
"443e5417",18.8,22.9,14.7,1.5,0.5,2,"SW",3.4,"S",NA
"d67d1b4f",18.2,23.1,15,1,0.3,1.2,"S",3.6,"SW",NA
"84bd4439",18.8,22.5,14.6,13,0.4,1.6,"S",3.9,"NW",NA
"49009861",18.5,22.3,14.6,0.5,0.4,1.3,"SW",2.5,"S",NA
"1ce3bd4d",18.8,25,15.7,2.5,0.4,2.2,"S",3.2,"S",NA
"9bff23e6",18.8,24.8,15.9,15,0.5,2.7,"S",4.9,"SE",NA
"60a9509d",18.5,24.2,15.7,1,0.5,2.6,"S",6,"SW",NA
"5ab3503b",18.1,23.9,15.9,0.5,0.5,2.5,"S",5.8,"S",NA
"6a9b7332",18.2,21.6,15.6,24.5,0.2,1.3,"S",3.7,"NW",NA
"6fb420a6",19.4,22.1,17.5,24,0.3,1.2,"S",2.3,"SW",NA
"fdf76ffe",19.4,23.4,16.5,8.5,0.4,1.7,"NW",3.5,"NW",NA
"97b4c38c",19.7,27.1,15.3,0,0.6,2.8,"S",7.7,"SE",NA
"c257e6a0",18.6,23.2,15.1,55.5,0.5,2.7,"NE",7.5,"N",NA
"0c02c215",19.3,24,16.9,15,0.5,2.5,"NW",6,"NW",NA
"d80d2c3d",19.2,22.2,16.4,1.5,0.3,1.3,"NW",2.7,"NW",NA
"6f253cb9",19.8,24.7,15.9,0,0.6,1.9,"NW",4.1,"NW",NA
"a79ce085",19.2,21.9,16.7,24.5,0.3,1.3,"S",4.5,"SE",NA
"58760d22",21.3,29.1,16.3,0,0.6,2.3,"S",5.9,"SW",NA
"ebdd960f",21,27.4,15.7,0,0.6,1.7,"SW",4.3,"SE",NA
"b5bab358",21.1,28,16.4,8.5,0.5,1.5,"S",3.7,"SW",NA
"7dd6aca5",20.2,22.3,18.8,101,0.7,2.3,"NE",8.6,"E",NA
"ddb52f49",22.5,29.2,17.9,0.5,0.6,2.5,"S",5.6,"S",NA
"d610e6fd",22.8,29.2,17.5,2,0.7,2.5,"S",6.2,"S",NA
"46032ed0",22.8,30.1,17.5,0,0.6,2.2,"N",5.8,"N",NA
"b303622d",23.2,31.1,17.4,0,0.7,2.2,"S",5.2,"SW",NA
"cc92ae95",23.4,31,18.2,0,0.5,2.5,"NW",6.5,"SW",NA
"f688ae33",23.7,30.6,18.8,4,0.7,3.1,"SW",5.9,"SW",NA
"d6c86408",23.8,30.3,20.1,0,0.5,2.1,"SW",5.5,"S",NA
"937c5c43",23.5,31.2,18,0,0.6,2.5,"N",5.5,"SW",NA
"7d75fecb",23.2,31.3,16.8,0,0.8,2.4,"NW",5.6,"S",NA
"e6c3ff52",23.6,31.3,17.8,0,0.8,2.5,"SW",5.9,"S",NA
"7757bcb2",23.6,30.3,18.1,0,0.6,2.2,"SW",4.8,"SW",NA
"ece1bd2b",22.7,28.1,18.8,3.5,0.7,2.2,"S",5.2,"S",NA
"c03a525c",21.9,25.2,20.5,61,1.2,2.8,"S",9.7,"S",NA
"52791d04",22.1,26.6,19.5,62.5,1.1,3.3,"SE",11,"S",NA
"383ab176",22.7,30.1,17.6,0,0.6,1.8,"NW",4.3,"NW",NA
"6dd9945a",22.6,30,17.8,0,0.6,2,"S",5,"S",NA
"a38cb0ef",22.3,28.9,18.9,1.5,0.7,2,"N",4.9,"N",NA
"6d98ac43",21.4,25.8,17.6,1.5,0.5,2,"S",5.8,"SE",NA
"4e1f0b16",19.4,26.2,14.1,0.5,0.8,2.7,"NW",6.9,"NW",NA
"f717b5bb",18.2,26.7,13,0,0.8,2.2,"S",5.9,"S",NA
"422be7a4",18.1,25.1,12,28,0.7,2.9,"N",7.5,"NW",NA
"be5e0fa5",19.4,24.5,17.1,22.5,0.6,2.9,"N",8.9,"SW",NA
"16b21254",19.7,25.7,16.2,1.5,0.5,1.9,"S",4.8,"SW",NA
"fb6091b4",19.6,26.6,15.4,0,0.6,2.4,"SW",6,"SW",NA
"ae83b498",19.8,27,14.7,0,0.7,2.4,"NW",5.6,"NW",NA
"e946c269",19.7,24.1,16.5,11,0.3,1.4,"N",2.9,"S",NA
"52ac45cd",21,29.1,15.2,0,0.7,1.6,"S",4,"S",NA
"f30044f2",22,29.6,15.8,1.5,0.6,1.9,"S",3.4,"SW",NA
"c91a4454",22.9,29.8,19,2.5,0.6,2,"NW",4.8,"SW",NA
"f932675d",18.3,24.5,13.5,0,0.5,2.6,"S",6.4,"S",NA
"2843832e",20,27.2,15.2,0,0.8,2.5,"SW",5.7,"S",NA
"575ffeaf",20.5,28.5,15.5,0,0.8,2.6,"S",5.3,"S",NA
"17e30a70",20.5,26.7,16.3,2.5,0.5,2.3,"S",4.6,"S",NA
"9ffa8fb5",15.5,23.6,9.5,1,0.6,1.8,"S",4.7,"S",NA
"bc7d28e0",16.8,22.9,12.5,0,0.5,1.6,"S",3.9,"SW",NA
"ac2a3587",15.4,23.3,10.6,0.5,0.8,2.5,"S",5.2,"S",NA
"39defb5d",15.8,21.2,12.2,0,0.5,1.5,"NW",3.8,"NW",NA
"01947c8e",17.6,25.2,11.5,0,0.6,2,"S",4.9,"SE",NA
"0c5da78e",18.6,25.2,13.9,0,0.6,2.5,"S",6.7,"S",NA
"89557bbe",17.6,25,13.2,0,0.5,2,"S",4.3,"SE",NA
"28f97a81",17.9,24.3,14,0,0.5,2.1,"SW",4.7,"SW",NA
"12e37a27",16.8,23.2,12.5,0,0.7,1.8,"S",6.6,"S",NA
"014cfe7b",16.2,19.1,12.4,32,1.1,2.9,"NW",11.2,"NW",NA
"ccfd0ff3",15.4,19.5,10.5,3,0.7,2.9,"N",7.1,"N",NA
"31476521",12.7,19.5,6.9,0,0.7,2,"S",6.4,"W",NA
"c05a75d2",13.9,22.8,7.1,0,0.6,2.1,"SW",3.4,"S",NA
"b0d20f22",17.6,23,13.5,7.5,0.4,1.7,"SW",3.5,"S",NA
"e4fea8dd",16.8,17.7,14.5,121,0.9,4,"NW",14.3,"W",NA
"4ca7e723",13.5,16.3,11.2,3,0.3,1.1,"S",2.5,"W",NA
"4a8350f9",12.6,17.8,8.5,0,0.7,2.7,"S",6.8,"S",NA
"ab93a519",12.5,16.8,7.1,1,0.4,1.4,"SW",2.4,"W",NA
"85153a6f",15.4,20.3,11.8,0,0.6,2,"S",3.2,"S",NA
"f59d409f",13,16.9,10.4,27,0.4,1.8,"W",5,"S",NA
"77407c47",10.8,17.1,7.1,0,0.6,2.6,"N",5.7,"S",NA
"36330a4b",10.4,16.8,6.6,0,0.7,2.4,"NW",6,"N",NA
"ae1a0e74",9.3,11.3,5.6,15,0.3,1.1,"NW",2.2,"N",NA
"56d39989",8.4,16.7,3.4,0,0.7,2.2,"S",6.9,"NW",NA
"4e055d8d",7.9,16.5,2.9,0.5,0.8,2.2,"S",3.8,"N",NA
"3f42a5ae",7.4,18.8,0.3,0,0.9,3.1,"NW",7.1,"N",NA
"6aa18082",7.9,17.3,1.5,0,0.8,2,"S",4.3,"W",NA
"3bf8b132",6.1,15.3,-1,0,0.8,2.6,"S",4.2,"S",NA
"ec0fc621",4.7,14.6,-1.4,0,1,2.4,"S",4.1,"SW",NA
"4da3c71e",4.8,17.1,-1.7,0,0.9,2.2,"S",4.6,"NE",NA
"9f5c7c99",5.6,14.9,0.6,0,0.9,2.6,"S",4.6,"SW",NA
"1993cdc7",5.4,14.8,-0.6,0,0.8,2.5,"S",6.1,"SE",NA
"9d549324",7,12.4,3,9.5,0.9,2.7,"NW",8.3,"E",NA
"bf91079b",6.5,11,-0.8,21,1.6,4.5,"W",11.8,"N",NA
"7f2e48d8",5,13.5,-1,0,1.1,3.2,"NW",8.6,"W",NA
"add1f35f",11.7,17,5.6,42,1.1,3.7,"N",9.9,"NW",NA
"2b1e4201",2.3,10.1,-3.2,0,1.1,3.5,"W",10.4,"SW",NA
"afd91ce2",0.9,10.3,-4.7,0,0.8,2.7,"S",4.1,"S",NA
"0fba9f0e",5.2,8.3,-1.5,21,0.4,1.4,"NW",2.9,"N",NA
"dab39d12",10.3,18.2,4.5,0,0.7,1.7,"S",4.7,"SW",NA
"0d44ea01",10.3,20.7,4.9,0,1,4,"NW",8.3,"NW",NA
"170e414a",5.9,7,4.3,5.5,0.2,1,"S",1.9,"S",NA
"a2321355",8.4,14.1,5.1,4,0.6,1.6,"NW",4.6,"SW",NA
"c5f1facd",2.8,6.5,-1.3,1,0.9,2.9,"S",5.6,"S",NA
"bf8d0273",-0.1,6.6,-4.3,0,0.8,2.2,"S",4.9,"NW",NA
"3a85de43",3.6,11.7,-1.4,0,0.7,2.4,"NW",5.7,"NW",NA
"a8c6911b",7.8,12.2,2.7,66,0.9,4.2,"NW",11.3,"NW",NA
"3c69c7ea",1.9,6.5,-3,0,1.3,4.1,"W",10.5,"W",NA
"e86629c2",0.4,5.3,-4,0,1.2,3.8,"NW",11.7,"N",NA
"cbde7ac2",0.3,4.7,-3.6,0,1.1,3.8,"W",11.2,"N",NA
"1921c145",1,4.2,-1.6,0,0.4,1.7,"N",5,"W",NA
"2418bbb9",0.4,7.8,-4.3,0,0.8,2.7,"S",5.8,"NW",NA
"e81b9239",5.5,13.8,1,0,0.7,1.9,"SW",6.3,"SW",NA
"2a45b45b",0.3,8.4,-4.8,0,0.6,1.5,"NW",4.2,"N",NA
"ba567c76",2,8.9,-4,0,1.6,4.3,"NW",12.2,"W",NA
"62c2b712",0.1,7.2,-3,0,0.8,3.1,"S",5.1,"S",NA
"3721923e",2.5,11.1,-3.2,0,0.9,2.6,"SW",5.7,"SE",NA
"b03d0c95",7.4,11.1,2.7,15.5,0.4,1.9,"S",4.8,"S",NA
"da961dff",3.4,7.7,-1.8,0,1.5,3.5,"NW",9.9,"N",NA
"cddd8e97",0.9,4.7,-1.8,17,0.5,2.1,"W",4.6,"NW",NA
"df74e6ff",0.3,6.1,-3.7,0,0.8,2.6,"SE",6.8,"SE",NA
"fcccb5ff",0.6,7.9,-4.2,0,0.6,1.8,"NW",4.4,"SE",NA
"28c35bd7",3,8.4,0,12.5,0.4,2,"NW",4,"W",NA
"92e6bf80",-0.9,5.1,-5.1,0,1.4,3.5,"W",9.1,"NW",NA
"6d0c5227",-0.4,6.8,-6.6,0,0.7,1.9,"S",3.9,"S",NA
"0950be19",2.7,5.8,0.1,22,0.4,1.6,"N",3.1,"N",NA
"38330892",2.6,8.1,-5.2,0,1.5,4.6,"NW",11.7,"NW",NA
"0a13c426",-0.8,6.1,-5.3,0,0.9,2.7,"NW",8.3,"N",NA
"3fc5dba9",-2.2,1.5,-6.9,0,1.1,3.2,"NW",8.6,"NW",NA
"0de5171d",0.2,5.1,-5,13.5,0.3,1,"NW",2.4,"N",NA
"0fb5e0f8",5.6,9.9,1.9,38,2.1,6.9,"NW",18.7,"W",NA
"2ecec8be",3,7.2,-0.8,0,1.6,4.2,"NW",10.2,"W",NA
"37deaee4",0.6,7.6,-3.5,0,0.7,2.2,"NW",6.5,"NW",NA
"2f014a6d",-0.3,7.4,-4.4,0,0.8,2.5,"NW",6.4,"NW",NA
"05fe6250",0.4,5.5,-3.6,0,0.7,1.8,"NW",4.2,"SW",NA
"458b92c8",1.6,6.6,-2.1,1.5,1.8,3.8,"NW",9.7,"NW",NA
"29381b85",0.6,8.1,-5,1,0.6,2.5,"S",6.1,"S",NA
"30287ddf",0,4,-4,2.5,1.3,3.2,"SE",8.1,"SE",NA
"d364229a",-0.1,4.8,-5.3,0,1.7,4.4,"NW",11.7,"NW",NA
"f99b0aa7",0.2,8.4,-6.6,0,0.7,2.3,"N",6.3,"S",NA
"b9eefa3f",3.6,8.6,1.1,38,0.5,1.6,"NW",3.4,"NW",NA
"cc4d1528",1.6,8,-2.5,0,0.4,1.6,"S",3.4,"S",NA
"d492f1a1",0.7,5.7,-1.3,2.5,0.3,1.7,"SE",2.9,"SE",NA
"fe6dd99c",0.2,3.5,-1.2,8,0.3,2,"W",4.7,"W",NA
"fc3d2e79",2.2,6.6,-0.9,5,0.5,1.7,"SE",3.9,"SE",NA
"daaa2eed",5.2,9.7,2.2,0.5,0.8,2.7,"NW",9.8,"W",NA
"c3ba48b7",1,5.7,-2.2,0,1.2,4.4,"W",11.5,"W",NA
"03c9eecc",-1.1,4.9,-6.1,0,1.4,3.4,"N",9,"W",NA
"aee35c1d",0.8,7.6,-5,0,1.1,4.6,"NW",11.4,"N",NA
"361ff143",0.2,7.9,-5,0,1,3.7,"NW",8.9,"W",NA
"db40b30a",-2.1,2.2,-6.2,0,1.7,4.9,"NW",12.7,"N",NA
"043f3df7",-5.6,-1.5,-10.6,0,1.9,4.6,"NW",12.5,"NW",NA
"c39f2713",-2.6,4.8,-10.7,0,0.7,2.5,"S",8.6,"SW",NA
"eb30885b",-0.2,6.1,-4.4,0,1.1,4.1,"NW",9.6,"NW",NA
"3e04840e",-3.4,1.7,-8.7,0,1.4,3.4,"NW",9,"NW",NA
"0c2448ba",-0.9,8.4,-6.7,0,1,2.4,"SW",6,"SW",NA
"a10efa6b",6.8,14.3,0.3,43.5,1.2,4.6,"NW",10.8,"NW",NA
"39f25735",3.1,10.5,-1,1,0.7,3,"NW",7.6,"N",NA
"48388f9f",2.3,8.6,-3.4,1,1.7,4.5,"NW",10,"NW",NA
"c261ecf9",-1.1,7.1,-7.2,0,0.8,1.9,"SW",4.4,"SW",NA
"f041204d",1.9,11.3,-5,0,0.8,2,"SW",5,"W",NA
"75c43dd4",4.3,8.4,0.1,39,1.4,5.5,"NW",14.3,"NW",NA
"c5973fc2",2.2,11.4,-4.6,0,1,3.5,"NW",8.9,"NW",NA
"f7b7f376",3.3,6.2,-1.9,9.5,0.4,1.6,"NW",3.2,"NW",NA
"18b846da",-0.4,7.3,-7.3,0,0.8,2.5,"SW",7.2,"S",NA
"d27a88b3",5.5,13,-0.3,0,0.6,3.1,"SW",5.9,"SW",NA
"3f25cafa",6.3,11.3,-1.2,0,1.1,3.2,"NW",9,"NW",NA
"a589e0d1",0,2.7,-2.8,1,2.1,5.6,"NW",15.6,"NE",NA
"97a95cf5",1.5,9.9,-3.8,0,1.3,3.1,"SW",7.6,"NW",NA
"7af61ebc",2.3,11.9,-5.7,0,0.7,2.2,"SW",6.6,"NW",NA
"a61695e7",0.4,2.2,-0.7,31.5,0.2,0.8,"SE",1.8,"SE",NA
"876dbda1",4.9,14.3,-1.1,0,0.8,1.8,"SE",4,"SE",NA
"ec28e7d7",3.3,13.5,-3.4,0,1.1,3.1,"NW",8,"SW",NA
"1c0ef479",-1.1,3.9,-4.5,0.5,1.6,4.9,"NW",13.4,"N",NA
"f151b630",0.3,7.2,-8.1,0,1.2,5.9,"NW",11.3,"NW",NA
"2db13d6b",3.8,10.4,-1.5,2,1.4,4,"NW",10.6,"N",NA
"51f7fd6b",2.6,10.8,-2.4,0.5,2.2,4.8,"NW",15.2,"NW",NA
"21f24632",5,14,-3,0,1.4,4,"NW",13.4,"NW",NA
"7cfe066d",0.2,5.2,-3.8,0,1.7,5.2,"W",13.1,"W",NA
"64219274",7.5,18.1,-2,0,1,3.5,"NW",7.6,"NW",NA
"559e5b66",12.7,18.1,4.4,21.5,0.7,3.1,"S",6,"SE",NA
"59f673cf",5.3,8.5,2.5,2,0.4,1.6,"NW",5.2,"NW",NA
"8d274208",8.7,11.8,6.3,28,0.4,2.1,"NW",6.2,"W",NA
"94372452",5.2,10.3,-1.7,0,2.1,4.9,"NW",14.5,"NW",NA
"bc988b1a",4.4,13.7,-3.8,0,0.9,2.6,"NW",9.2,"NW",NA
"178b6823",6.1,13.7,-1,0,1.1,3.1,"NW",9.1,"N",NA
"c8f4964e",4.3,11.5,-2.1,0,1.5,4,"NW",8.8,"NW",NA
"d1e4f014",4.8,14.1,-3,0,1.1,4.1,"S",7.8,"SW",NA
"f94b5f5c",6.9,15.2,-1.5,0,1.3,3.5,"NW",7.9,"NW",NA
"1f901d6e",6,14.1,-1.5,0,1.5,4.2,"NW",9.2,"NW",NA
"9a1500f7",4,11.1,-2.2,0,1.6,3.4,"NW",9.1,"NW",NA
"82cae47e",3.6,11.9,-4.1,0,1,2.7,"SW",7.1,"SE",NA
"1866ce55",4.2,11.9,-1,0,1.2,3.4,"W",9.6,"W",NA
"43533ec2",9.5,18.6,1,0,1.2,3.8,"NW",8.5,"S",NA
"72ecf7d0",7,11.8,4.9,78.5,1.2,4.3,"NW",12.5,"W",NA
"66706800",9.8,14.4,5.4,25.5,0.8,2,"SE",5.8,"W",NA
"7eaf8c89",8,13.8,2.9,0,1,3.8,"NW",8.7,"W",NA
"67bfead3",4,8.6,-1.9,0,1.8,4.6,"NW",11.8,"NW",NA
"e403a6a2",2.5,9.7,-2.4,5,1.3,4.1,"NW",8.9,"NW",NA
"23a3bc46",4.9,13.3,-2.7,0,1,2.9,"S",7.2,"N",NA
"226c3e95",8.2,14.8,1.9,0,1.4,4.6,"NW",10.1,"NW",NA
"0ac391dd",6.5,13.3,0.6,0,1.4,4.3,"NW",10.6,"NW",NA
"893f4696",11.7,21,3.4,0,1.1,3.1,"NW",6.7,"SW",NA
"65af860c",12.3,21.3,3.2,0,1.2,4,"NW",9,"NW",NA
"88f0c445",16.9,27.7,6.5,0,1.2,3,"NW",7.6,"SW",NA
"67ff0179",14.9,23.4,8.1,0,1,3.3,"NW",8,"N",NA
"21b3d099",14,21.4,9.6,9.5,0.5,2.4,"NW",5.4,"W",NA
"ccec92d0",16.4,24.5,10.3,0,1.1,3.3,"SW",7.1,"SW",NA
"207c524a",11.5,14.7,6.6,27,0.7,2.3,"N",7.4,"W",NA
"cd231003",9.3,18,3,0,1.2,2.8,"S",6.1,"S",NA
"222cd53f",10.5,20.3,1.8,0,1,3,"S",8.1,"SW",NA
"6b8da2a9",9.8,14.1,4.2,3,0.5,2.8,"NW",5.3,"NW",NA
"871d6233",13.9,23.1,5.3,0,1.1,3.3,"NW",9.1,"S",NA
"aa147815",13.2,23.3,3.5,0,1.1,2.6,"NW",8.2,"N",NA
"474b3a5c",13.4,22.1,6.1,0,0.8,3.1,"NW",7.4,"NW",NA
"97e8ca5e",16,22.9,11.8,38,0.6,2.4,"S",6.4,"S",NA
"9627488d",11.9,16.9,7.1,0,0.8,2.3,"NW",7.1,"SW",NA
"7b780ac4",13.5,23.6,5.7,0,0.8,2.7,"S",7.2,"S",NA
"9477cff8",14.5,21.9,9.2,0,0.8,2.6,"NW",6.2,"SW",NA
"d23b1e18",15.1,23.3,9.6,0,0.8,2.5,"SW",6.4,"S",NA
"d3f49ccb",15.7,21,12.6,2,0.5,2.4,"SW",5.8,"S",NA
"c4195b2a",12.3,16.9,8.7,1,0.4,1.4,"S",2.8,"S",NA
"dcc6bfa3",15.2,19.8,10.5,1.5,0.4,1.6,"S",3.5,"S",NA
"f639979e",17.5,24.7,11.9,1,0.9,2.7,"S",7.2,"N",NA
"98dae936",16.8,26.3,10.7,0,0.8,2.3,"SW",6.1,"SE",NA
"81ca8f6c",18.8,28.4,10.7,0,0.9,3.1,"NW",8,"N",NA
"b3ea43d8",17.1,25.5,11.2,0,0.9,3,"SW",7,"S",NA
"f39fb340",17.5,26.3,9.8,0,0.9,2.3,"S",6.5,"S",NA
"d2e49b06",18.1,26.5,10.6,0,0.8,3,"S",6,"S",NA
"7fcec8f7",19.1,20.9,17.3,54,0.5,3.5,"NW",9.8,"NW",NA
"137d41ba",19.9,22.2,17.5,72.5,1.2,4.6,"NW",14.4,"NW",NA
"2e81f3f1",14.1,16.6,12.6,80.5,0.2,1,"SW",2.2,"S",NA
"379195ab",16.4,23.9,10.9,0,0.8,2.6,"S",6.8,"S",NA
"05b1591f",15.5,20,13.5,4,0.5,2.3,"S",4.4,"S",NA
"6b5227b7",19.2,25.9,16.2,3.5,0.5,1.5,"SW",4,"W",NA
"724241ed",20.2,27.4,16.9,9.5,0.6,2.2,"S",6.1,"S",NA
"6a9da564",21.2,26,15.8,9.5,1,3.1,"NW",10.4,"NW",NA
"40628d59",18.9,26.8,12.8,0.5,0.6,2.1,"N",5.9,"NW",NA
"209c3389",17.5,21.2,13.9,179.5,1.2,4.2,"N",12.1,"NW",NA
"ffe3bd74",19.4,22.6,15.2,49,1.1,4,"N",10.1,"N",NA
"ba306932",19.4,20.9,17.9,200.5,1.7,3.8,"N",13.9,"NW",NA
"2f7195ff",19.5,22.9,16.8,22,0.9,2.8,"N",8.4,"N",NA
"f00e1b02",20.9,23,17.6,87.5,1.5,3.2,"N",9.5,"NW",NA
"b3e40f1c",19.6,26.9,14.8,0.5,0.9,2.7,"NW",7.3,"W",NA
"9b4ba054",16.3,20.1,14.6,49.5,0.6,2.1,"SW",5.3,"SE",NA
"03b70d0a",18,20.1,15.4,83.5,1.4,4.2,"N",13.1,"NE",NA
"eee84f43",17.2,20.1,14.5,4.5,0.3,1,"N",3.8,"S",NA
"3197c1be",18.7,26,14,0,0.5,2.4,"NW",7.2,"NW",NA
"b412dc27",17.9,20.3,15.9,27,0.4,1.8,"S",2.8,"S",NA
"9cbd736f",19.6,25.9,16.5,21.5,0.4,1.6,"NW",4.6,"NE",NA
"0c6b73f5",21.7,29.4,16.4,11.5,0.6,2.7,"S",6.4,"SW",NA
"cbcb6911",21.9,28.5,18.5,8,0.7,2.5,"S",6.2,"SW",NA
"e364c659",19,23,16.8,4.5,0.5,1.8,"SE",5.9,"S",NA
"7b986b07",19.7,25.3,16.4,35,0.5,1.7,"NW",5.1,"S",NA
"96c7294e",19.5,21.7,18.2,67,0.4,1.8,"N",4.9,"NE",NA
"cc3dba2a",19.5,23,16.3,14,0.7,3.1,"N",7.8,"N",NA
"e4921562",20.8,22.9,18.4,16.5,1,3.3,"NW",8.4,"N",NA
"364a31e5",21.8,29,17.7,0,0.6,2,"SW",6.4,"S",NA
"5e556052",21,26.9,15.6,7.5,0.6,2.2,"NW",6.8,"SW",NA
"812a9e3f",21.1,27.1,17.2,13,0.6,2.5,"S",7,"S",NA
"1b86b414",22.6,30.5,16.7,0,0.7,2.1,"S",6.5,"SW",NA
"6b830f4d",21.8,28.9,16.5,0,0.7,2.1,"SE",5.7,"S",NA
"5a3cc65f",22,28.8,17.2,0,0.6,2.2,"SE",5.3,"S",NA
"7b47ee19",22.1,28.7,17.4,0,0.6,2.3,"NW",5.2,"NW",NA
"51b8c624",22.5,30.8,17.5,0,0.5,2.1,"N",4.5,"NW",NA
"e7d274fa",22.9,30,17.9,0,0.6,2.1,"S",4,"S",NA
"0a8d36b3",22.8,29.1,18.6,0,0.7,2.3,"N",7.3,"N",NA
"d66dbde8",22.1,28.4,17.4,0,0.8,2.7,"SW",6.6,"SW",NA
"90211c98",23.5,31.4,16.7,0,1,3.2,"NW",7.5,"W",NA
"e024a7c1",23.9,32.9,17.8,0,0.9,2.7,"NW",7.1,"W",NA
"0d7be588",23.8,33.2,17.1,0,0.9,3,"NW",7.6,"W",NA
"872286ee",22.8,30.8,16.9,0,0.6,2.5,"SW",5.6,"S",NA
"9ffd12f7",23,31.9,18.3,0,0.6,2.7,"SW",5.6,"NW",NA
"ae42dbe5",19.8,27.6,15.5,0.5,0.5,1.8,"S",4.9,"SW",NA
"e80e7a95",22.1,28.7,16,0,0.7,2.3,"SW",6,"SW",NA
"75548385",22.8,29.9,18.7,0,0.6,1.8,"SW",4.7,"S",NA
"a9b408de",22.4,29.5,18.5,0,0.6,2.3,"S",6.4,"S",NA
"8f23084a",23.6,30.6,17.8,0,0.8,2.9,"SW",6.6,"S",NA
"a5dc2077",22.6,30.9,18.6,0,0.7,2.5,"NW",6.7,"SW",NA
"2bf7f244",23.1,29.8,19.4,0.5,0.7,2.2,"S",5.3,"SW",NA
"332816cd",21.4,27.9,17.7,1,0.6,2.2,"N",4.4,"SW",NA
"2a387097",22.2,31.1,17.4,0,0.6,2,"S",8.8,"S",NA
"2c01217f",21.5,29.8,16.5,2.5,0.6,2,"S",5.5,"SW",NA
"34dec5f6",21.8,28.2,19.1,5.5,0.5,2.1,"S",5.3,"S",NA
"2dcea3ac",20.5,23.5,19.4,43.5,1,2.3,"SE",7.4,"S",NA
"a0505ac8",19,23.7,16.7,13.5,0.3,1.3,"SW",3.4,"S",NA
"2223946a",18.1,26.2,12.4,0,0.8,2.6,"S",6.2,"N",NA
"a7a689f3",16.6,23.3,12,0,0.5,1.6,"S",4.3,"SW",NA
"a6690b20",20.1,25.5,16.2,4,0.7,2.1,"NW",4.7,"S",NA
"8ec6a468",21.4,23.8,18,6,1.3,2.8,"N",12,"N",NA
"d87f3cc5",14.3,20.2,11.6,3.5,0.7,2.2,"S",4.1,"SW",NA
"f11f115e",16.5,21.9,13.4,0,0.6,2.2,"SW",5.2,"S",NA
"5a0cf267",17.2,24.5,14,0,0.7,2.8,"S",4.8,"S",NA
"c7560b77",17.6,23.3,14.5,0,0.5,2.2,"SW",5.5,"S",NA
"f6e9c265",13.5,22.1,8,0,0.8,2.8,"S",5.9,"S",NA
"17dea885",13.8,19.7,8.7,0,0.4,2,"S",3.6,"S",NA
"ec87fa76",13.6,21.7,7.7,0,0.6,2.4,"SW",4.9,"S",NA
"00173aec",14.3,21.1,9,4.5,0.5,1.9,"SW",3.6,"W",NA
"062e6b04",15.6,19.9,12.9,0,0.4,1.8,"S",3,"S",NA
"eb71294d",14.2,20.4,6.9,1.5,0.7,2.4,"NW",7.7,"N",NA
"07e1e9d7",10.6,18.2,4.7,0,0.7,2.1,"S",4.4,"S",NA
"8a7f10b3",11.9,13.8,10.7,61.5,0.3,1.7,"S",4.1,"SE",NA
"66efd029",15.6,23.3,10.8,0,0.6,1.9,"NW",4.8,"S",NA
"60d681c1",11.9,18.8,6.2,0,0.7,2.3,"S",4.5,"S",NA
"61190312",8.6,10.7,7.5,25,0.3,1.3,"W",3.4,"W",NA
"1f0f34f7",7.4,15.8,2.4,0.5,0.9,2.9,"S",6.7,"S",NA
"f5a6a585",7,11.8,2,0.5,1.4,3.8,"NW",10.7,"NW",NA
"18f9e7cc",5.5,13.2,-0.3,0,1.1,3.2,"NW",9,"N",NA
"adfeed55",7.7,16.8,2.1,0,0.8,2.7,"NW",6.4,"NW",NA
"40a1af1c",5,13.9,-0.2,0,0.7,1.9,"NW",6,"NW",NA
"a1a1e7ca",4.2,15,-2,0,0.9,2.9,"S",4.8,"S",NA
"b97e0343",5.8,16.1,-1.3,0,0.7,3.1,"NW",7.7,"N",NA
"93812b7e",9.7,12.8,4.4,22,0.4,2.4,"N",7.3,"N",NA
"d3f4dbe6",8.7,14.4,2.7,6,1.1,3.8,"W",8.5,"N",NA
"bf4752ab",3.1,10.1,-1.2,0,1.1,3.4,"NW",8.9,"W",NA
"a65734f1",3.8,14.2,-2.7,0,0.8,2.5,"S",5.7,"SW",NA
"9477f845",10.5,14.6,3.4,43.5,0.4,1.1,"NW",3,"NW",NA
"126d015a",9,16.1,1.5,0,1.1,5.1,"W",10.6,"W",NA
"3316291c",4.1,10.6,-1.4,0,1.1,3.4,"NW",9.1,"N",NA
"2a064f46",2.5,9.9,-2.1,0,1,3.4,"NW",8.9,"NW",NA
"34e0fa27",5.1,17.1,-0.2,0,1,3,"S",7,"S",NA
"2df09c7d",6.5,15.4,-1.8,0,0.7,2.5,"S",5.7,"N",NA
"1fd050c9",7.8,17.3,1.3,0,0.8,2,"W",4.8,"SW",NA
"4b394f11",12.4,17.4,8.7,2,0.4,1.7,"N",3.7,"N",NA
"5229294b",13.2,16,8.7,48,1.1,3.8,"NW",14.8,"N",NA
"55dffa70",6.5,15.5,1.5,0,0.8,2.9,"NW",7.1,"W",NA
"3200d46e",4.1,9.3,-2.6,8,1.5,3.4,"NW",11.8,"NW",NA
"1497d4fa",1.3,8.1,-2.8,0,0.7,2,"SW",5.3,"S",NA
"1fde1c0d",2.5,10.3,-2.7,0,0.5,1.3,"SE",3.6,"SE",NA
"3771b345",3.1,12.1,-1.3,0,0.9,3.3,"NW",9.7,"NW",NA
"42d25c52",3.8,12.1,-1.7,0,0.8,3.8,"NW",8.6,"N",NA
"de47c6b1",4.1,14.9,-3.1,0,1,2.4,"NW",5.8,"W",NA
"f6e869f9",5,10.8,-1.8,0,1.4,3.6,"NW",10.2,"NE",NA
"ce8327e5",2.8,13.8,-3.1,0,1,3,"NW",6.2,"W",NA
"9479b481",3.7,11.3,-1.9,0,0.8,2.8,"NW",7,"NW",NA
"c975f4de",-2.5,-0.9,-4.6,1.5,2.4,4.4,"NW",14.2,"NW",NA
"160a7a23",-4,-2.4,-7.5,3.5,1.3,3.8,"NW",9.5,"W",NA
"f905cf8f",-2.6,3.9,-10.2,0,1,2.8,"W",8.5,"NW",NA
"69d3cf15",-4.3,3.1,-10.2,0,1,2.9,"NW",8.1,"NW",NA
"ec56d28c",-2.9,5,-8.3,0,0.7,3.3,"NW",6.7,"S",NA
"fe2a1385",0.4,8.6,-5.9,0,0.7,2.1,"SW",6.4,"S",NA
"d685bccd",1.3,7.3,-2.4,4.5,0.8,2.5,"SE",6,"SE",NA
"045d984a",1.4,9.4,-4.7,0,0.6,1.8,"NW",4,"N",NA
"8f3301dd",-4.9,-0.5,-8.4,4.5,1.4,4,"NW",10.9,"SW",NA
"d784836e",-4.7,-1.6,-9.8,2,1.6,3.7,"NW",10.3,"W",NA
"45c7cc36",-3.6,0.4,-9,0,1.3,3.7,"W",10.5,"SW",NA
"5522943d",-4.2,0.9,-8.3,0,0.7,3.2,"NW",8.2,"W",NA
"482285fd",-1.5,4.5,-7.1,0,0.9,3.5,"NW",9,"SW",NA
"d00b81c2",-4.2,-1.5,-8,2,1.7,5.3,"NW",13.9,"N",NA
"1c128f24",-7.8,-4.8,-10.9,0,1.8,4.5,"NW",11.8,"W",NA
"bdbe8e1b",-7.2,-1,-12.6,0.5,0.7,2.7,"NW",7.7,"NE",NA
"9fc95fc8",-4.2,0.5,-10.1,0,0.7,3.4,"NW",8.6,"W",NA
"7720c939",-1.5,7.3,-7.5,0,0.8,2.4,"NW",6.8,"N",NA
"12ebcf1c",-3.9,0,-8.3,1.5,1.4,3.4,"NW",11.4,"NW",NA
"a7d79d03",-3.9,-0.6,-10.2,0.5,2.1,4.8,"NW",13.9,"NW",NA
"f3fb3afc",-5.8,3.3,-12.9,0,0.6,1.7,"S",3.1,"S",NA
"097fbcd6",2.2,9.3,-3.5,0.5,0.8,2.7,"NW",7.6,"W",NA
"17a24b01",2,3.9,1,19.5,0.2,1,"SW",2.8,"W",NA
"42416e2d",1.9,4.5,0.7,15.5,0.1,0.9,"NW",1.9,"NW",NA
"c69a9de8",-4,-1,-8.9,0,1.9,4.2,"NW",12,"NW",NA
"b0ce4adc",-2.2,3.7,-7,0,1.1,3.4,"NW",8.1,"W",NA
"6adfdf3c",-2,1,-4.3,0,1.9,4.8,"NW",13.5,"W",NA
"cae43418",1.8,7.6,-3.4,0.5,1.8,4.2,"NW",10.5,"W",NA
"f5810561",-1.6,7.1,-9.5,0,1.3,4.3,"NW",10.7,"NW",NA
"2ef020bc",1.7,10.2,-3.2,0,0.5,1.7,"SW",3.9,"NW",NA
"7452db10",5.2,8.5,2.1,26,1.4,5.6,"NW",14.7,"NW",NA
"e6119448",-1,2.3,-3.9,2,2.4,5.3,"NW",16.6,"W",NA
"b4d1cb3e",-4.2,-2,-8.4,4,1.9,5,"NW",11.2,"N",NA
"2afaaccf",-6.4,-3.1,-10,0.5,1.3,3.5,"NW",9.5,"W",NA
"cbea592f",1.4,9.8,-6.9,0,1.1,3,"NW",7.7,"NW",NA
"a17d1728",5.5,14.2,-0.7,0,1.5,4.6,"NW",12.5,"NW",NA
"1b9187a8",5.3,15,-1,0,1.1,4.3,"N",8.1,"N",NA
"41337c04",-0.7,9.5,-8.6,0,0.7,2.7,"SW",6.7,"SW",NA
"81b06c2a",-0.9,7.4,-5.7,0,0.9,3,"S",6.2,"S",NA
"e36f39b6",0.9,12.2,-6.9,0,0.7,2.1,"NW",7.7,"NW",NA
"9127e3a8",5.8,14.6,-2.3,0.5,0.7,2.6,"NW",6.4,"S",NA
"c4c4c684",6.1,12,-1.9,36.5,0.8,2.5,"NW",7,"E",NA
"e4946d69",3.8,9.2,0,0,0.6,2.1,"S",6.1,"SW",NA
"53bc7ded",4.4,10.7,-0.4,19,0.4,1.4,"SE",3.5,"NE",NA
"9b05a1d1",7.6,15.9,2.1,1.5,0.6,2.4,"NW",6.1,"W",NA
"64ef4c76",3.3,6.8,0.2,1.5,0.5,2,"SW",5.2,"S",NA
"34633953",4.3,11.1,-1.5,0,0.6,3.7,"NW",7.6,"N",NA
"2ae2f18f",3.5,12.8,-3.5,0,0.9,3.4,"S",8.1,"SW",NA
"baf139a2",3.3,9.3,-2.1,15,0.5,1.3,"NW",2.5,"W",NA
"7a9cb2cb",4,9.1,0.8,32.5,0.6,2.2,"NW",6.5,"W",NA
"6dd721a3",4.3,14.5,-3.7,0,1.1,3,"S",6.5,"NW",NA
"50ee5b5f",5.1,13.1,-1.8,6,1.2,2.8,"NW",7.6,"NW",NA
"6af45bf9",5.3,15.8,-2.2,0,1.1,3.3,"NW",8.8,"W",NA
"ff88c3dd",6.3,17.8,-1.9,0,0.9,2.7,"S",6.7,"SW",NA
"984b2a45",7.3,15.5,-1.3,9,0.8,3.2,"NW",7.2,"NW",NA
"1f83569b",10.9,15.1,7.4,107,0.9,4.5,"NW",13.9,"NW",NA
"8f909eb6",3.6,8.7,-2.3,0,1.6,4,"NW",10.2,"NW",NA
"48113d0d",2.6,11.4,-4.5,0,1,3.1,"NW",7.5,"SW",NA
"1df21821",5.9,15.8,-2.4,0,1,3.1,"S",7.8,"S",NA
"5f5aae65",4.8,13,-0.8,1,0.8,2.5,"NW",5.7,"SW",NA
"6263d499",4.9,13.7,-1.8,0,1.8,5.3,"NW",14.5,"NW",NA
"5879d43f",6.4,15.5,-2.8,0,0.9,3.1,"SW",7.2,"SW",NA
"78391e04",9.1,10.6,7.1,77.5,0.9,2.9,"SE",11.9,"E",NA
"cd054c1b",12.1,20.5,5.4,7.5,1,3.6,"NW",8.2,"NW",NA
"0258884d",11.1,17.2,5.3,0,0.7,2.2,"NW",5,"NE",NA
"384288eb",9.2,16.9,2.8,0,1,3.2,"S",6.6,"NW",NA
"33bf2997",9.1,16.3,0.4,0.5,1,2.7,"E",8.8,"NW",NA
"681f73fc",5.6,14.9,-2.4,0,1,3.2,"SE",7,"SE",NA
"0c439fc2",7.8,15.9,-0.3,0,0.9,2.4,"W",8.3,"NW",NA
"7245b961",8.7,11,6.6,29.5,0.7,2.4,"SE",6.3,"SW",NA
"e006f639",11.3,17.7,1.3,10.5,1.5,4.6,"NW",9.6,"NW",NA
"0dd475d9",5.9,14.9,-1.2,0,1.1,3.8,"SW",9.4,"SE",NA
"583750f5",6.7,12.2,0.6,0,0.6,2.1,"NW",6.3,"E",NA
"96627440",8.5,10,7.2,53,0.6,1.8,"SE",6.8,"SE",NA
"7d390308",6.5,14.3,0.9,0,1.6,3.2,"NW",8.9,"W",NA
"3ece1004",11.4,22,1.2,0,1.4,3,"SE",7.1,"SE",NA
"40c836a7",9.7,21,0.6,0,1.2,3.7,"NW",8.7,"S",NA
"d28b79ff",9.8,17.5,2.7,0,1.3,4,"SW",8,"SW",NA
"3f59fa1f",9.4,18.7,1.4,0,1.2,4.2,"NW",9.8,"NW",NA
"6abadf33",6.5,16.1,-1.8,0,1.2,3.3,"S",9.1,"S",NA
"a6b9f6b3",8.4,11.4,3.2,15.5,0.5,1.7,"NE",4.4,"NW",NA
"706d6247",5.9,11,0.3,7,1.7,5,"NW",12.7,"N",NA
"8dd70895",5.8,13.8,-0.5,0.5,1.3,4.4,"W",10,"W",NA
"0bae4a44",10.2,13.5,4.8,60.5,0.7,2.3,"E",6.4,"E",NA
"6dbe6d09",12.8,18.2,3.4,0,1.7,4.6,"NW",12.7,"N",NA
"7e7675c8",10.3,16.7,4.2,0,0.7,1.9,"SE",4.8,"SW",NA
"8a189814",14.6,23.6,8.5,1,0.7,2.3,"S",5.8,"SW",NA
"b721e2e8",16.9,25.6,9.4,0,0.9,2.8,"SW",7,"E",NA
"93853fe7",12.9,15.5,9.6,18.5,0.4,1.4,"NW",4,"NW",NA
"a99f3f41",18.5,20.4,14.6,61,1.5,4.5,"NW",14.3,"N",NA
"ba30bb1d",18.1,24.3,14.8,13,0.6,2.9,"S",7.2,"SW",NA
"25f3b1af",15.6,18,11,9.5,0.4,1.5,"SE",3.5,"SE",NA
"85903243",13.3,18.3,8.7,68,0.6,1.9,"S",4.3,"SW",NA
"230455c4",14.2,22.1,8,0,1.3,3.2,"NW",8.3,"W",NA
"1e3d2f38",14.5,23.3,9.2,1.5,0.7,2.1,"NW",5.5,"S",NA
"3a99f237",13.6,20.9,5.8,0,1.4,3.9,"NW",11.2,"N",NA
"0083f291",10.7,13.9,8.5,63,0.6,2.9,"NW",8.1,"W",NA
"7b23eadc",14,21.4,7.1,0,1.6,4.2,"NW",10.3,"W",NA
"80f0659a",16.3,23.1,9.9,0,0.8,2.3,"SE",6.9,"W",NA
"54ff8bb2",16.4,20.3,13.2,83,0.9,3.2,"N",7.2,"N",NA
"d038d551",15.1,23.7,9.7,0,0.8,3.1,"SW",8.1,"S",NA
"705b56bd",15.9,24.7,10.5,1,0.7,2,"S",4.7,"S",NA
"dbc705b1",16.9,24.7,11.1,0,0.7,2.3,"S",6,"SW",NA
"e9bfa1cd",17.5,24.7,12.2,60,0.7,2.2,"S",6.2,"SE",NA
"41e6ee33",15.4,23.8,10.9,2.5,0.7,2.5,"SW",5.6,"SW",NA
"694fbbab",15.4,21.2,9.7,0.5,0.6,2.6,"SW",6.6,"S",NA
"dc73e9b4",14.8,16.7,13.3,52,0.4,1.5,"SE",4.2,"SE",NA
"25686a38",16.3,25.3,10.3,0,0.7,2,"SW",5.2,"SW",NA
"72dbc861",16.4,22.9,11.7,0,0.7,3.1,"SW",7.3,"S",NA
"6407b112",15.9,21.9,12.7,15,0.6,2.1,"NW",4.8,"NW",NA
"31e4943e",16.1,23.4,11,0.5,0.6,2.4,"NW",5.1,"SW",NA
"40a36c1d",16.2,23.6,10.8,0,0.8,2.8,"SW",6.5,"S",NA
"15404931",17.2,22.3,11.8,0,0.7,2,"SW",4.5,"S",NA
"e8fa23e3",17.6,21.5,13.8,0,0.5,1.5,"S",3.8,"SE",NA
"f5e6f5ca",16.9,19.6,15.4,48,0.4,1.3,"S",3.1,"S",NA
"c8df8f36",19,21.6,16.6,126.5,0.5,2.1,"NW",6.1,"N",NA
"494a0415",19,20.9,17.3,57,0.3,1.7,"NW",3.3,"NW",NA
"dc369c31",21.4,27.3,17.1,2.5,0.7,2.2,"NW",7.4,"NW",NA
"39e12796",20.4,27.3,15.5,2,0.6,2.7,"NW",7,"NW",NA
"4dd3a8da",18.9,25.1,15.2,4,0.5,2.1,"SW",6.5,"SE",NA
"df90e782",20.7,28.7,15.5,0,0.6,1.8,"S",4.7,"NE",NA
"cf75bf89",21.3,29.6,14.2,0,0.8,2.3,"SW",6.9,"N",NA
"fa6aa441",22.4,29.8,16.1,0,0.7,2.8,"SW",6.3,"S",NA
"90fdea46",22.7,29.8,17.9,0.5,0.8,3.4,"S",7.3,"S",NA
"68347dbb",22.1,28.8,18.5,0.5,0.7,3.4,"S",8,"S",NA
"5bfafa13",21.6,28.7,17.2,3.5,0.7,2.9,"NW",6.5,"NW",NA
"fa56fb2c",21.7,28.6,17.6,2,0.6,2.3,"S",5.6,"SW",NA
"aa572500",19.1,23.1,15.3,2.5,0.6,1.8,"S",4.3,"SE",NA
"7e58cb28",21.9,28.3,17.1,0,0.8,2.7,"SW",7.3,"SW",NA
"3f2bbd24",21.8,27.6,18.1,0,0.7,2.2,"SW",5.7,"SW",NA
"9f483ec8",22.1,28.7,16.5,0,0.8,3.1,"N",8,"N",NA
"df431396",21.6,27.1,17.4,0.5,0.6,1.7,"S",5.8,"E",NA
"0b4cfdbe",23.1,31.7,15.8,0,0.8,2.4,"NW",6.4,"NW",NA
"bc64ed3a",23.7,32.1,18.7,9,0.8,2.7,"N",7.1,"SW",NA
"b2b23881",23.5,31.1,18.4,0,0.6,2.1,"NW",5.5,"N",NA
"29043918",23.4,31.1,19.2,15.5,0.7,2.9,"S",5.8,"SW",NA
"13638245",20.2,28.2,14.2,3.5,0.8,2.6,"SW",6.3,"SE",NA
"83704a68",18.9,23.1,16.4,6,0.4,1.5,"SW",3.9,"SE",NA
"093948d8",18.7,21.5,17.3,133.5,1,4.2,"N",11.4,"N",NA
"5cda6df4",20.8,21.8,18.7,143,2,4.7,"N",12.4,"NW",NA
"1e72dbb0",19.9,22.1,17.4,77,0.7,3.9,"NW",9.6,"N",NA
"616ea631",18.3,19.7,17.1,17.5,0.2,1.1,"S",1.8,"S",NA
"36fccda7",19.6,22.4,17.1,61,1,2.9,"N",8,"NW",NA
"b1fdc5ae",20.2,24.8,17.8,9.5,0.5,2.4,"S",5.5,"SE",NA
"3bb4c71e",19.5,25.3,15.2,14,0.5,2,"S",5.5,"SW",NA
"2cff5476",20.4,25.2,17.6,2,0.5,1.7,"S",3,"S",NA
"044c3cb8",21.8,30.1,16.6,0,0.7,2.8,"NW",6.2,"W",NA
"3e563c1e",22.2,30.7,16.5,0,0.7,2,"S",5.4,"SW",NA
"241c9755",22.1,30.1,15.6,0,0.9,2.8,"NW",6.7,"NW",NA
"9120c54a",21.3,29.7,15.8,0,0.8,2.5,"SW",6.2,"SW",NA
"d36fc801",18.1,20.7,16.6,20,0.3,1.3,"S",3.3,"S",NA
"1699af40",18.4,22.1,16.5,17,0.4,1.5,"S",3.6,"S",NA
"6362c9bf",17,23.7,12.3,0,0.7,2.3,"S",6.7,"S",NA
"3d388801",18.8,26.5,14.2,0,0.7,2,"S",4.4,"SW",NA
"7b13b5ec",17.5,22.1,12.8,0,0.5,1.4,"S",3.8,"SE",NA
"208adcad",17,24,12.9,0,0.6,2,"SW",6.3,"S",NA
"eedff818",17.2,21,14,8,0.4,1.6,"S",4.8,"E",NA
"3ad01630",19,21.5,17.1,51.5,0.5,1.6,"S",4.3,"S",NA
"484c2e5b",19.1,25.4,16,0,0.7,2.9,"S",5.7,"S",NA
"2dc2d614",18.6,24.8,14.2,2,0.5,1.9,"N",4.5,"S",NA
"0d927df9",16.3,23.6,10.7,0,0.9,3.7,"NW",10.7,"NE",NA
"326a865f",14.9,16.4,13.8,21,0.3,1.7,"SW",5.3,"S",NA
"fc3fa2ea",15.9,22.8,12.1,0,0.6,2,"S",4.7,"S",NA
"5aac74a9",15.5,23.1,10.5,0,0.6,2,"S",4,"S",NA
"18fae49c",16,19.2,12.6,1.5,0.6,2,"S",5,"S",NA
"4d19c1b0",15.3,24,9.9,0,0.9,2.1,"NW",5,"NW",NA
"b0a3ab62",13.7,23.5,5.9,0,0.8,2.6,"S",4.3,"S",NA
"eebdce12",16.2,25.6,7.8,0,1,2.3,"S",5.3,"SW",NA
"115723b5",16.5,23.1,12,0,0.6,2.5,"SE",7.1,"SW",NA
"46e481ec",16.1,25,10.5,0,0.6,2,"SW",4.7,"SW",NA
"02c5c300",14.8,21,10.3,0.5,0.5,1.5,"NW",3.4,"N",NA
"d4fd36c0",16.1,24.4,9.5,0,0.7,2,"SW",5.7,"SW",NA
"44eefeed",17.8,22.2,14,35,0.4,1.6,"S",3.7,"SW",NA
"8254cfbb",13.4,18.9,9.1,0,0.6,1.6,"S",3.9,"S",NA
"a6f012b4",15.1,22.3,9.5,0.5,0.5,2.1,"S",5.6,"SE",NA
"b54ff73e",7.2,11.7,1.8,0,0.4,1.9,"S",3.1,"SW",NA
"91b2797d",6.3,13.1,0.3,0,0.6,2.2,"S",4.3,"S",NA
"b807fd87",6.2,13.5,0.3,0,0.8,2.3,"SW",6.3,"W",NA
"8e0a48e0",9,15.9,2.4,0,0.6,2.4,"NW",5.7,"W",NA
"9df85983",5.3,13.9,0.1,0,1,3,"S",6.9,"NW",NA
"c9d4fe7c",6.4,15.3,-0.2,0,0.7,2.1,"NW",5.5,"N",NA
